,0,1,2,3,4,5,6,7,8,9,10,11,12,13,14,15,16,17,18,19,20,21,22,23,24,25,26,27,28,29,30,31,32,33,34,35,36,37,38,39,40,41,42,43,44,45,46,47,48
0-600,28,70,80,160,59,58,52,22,9,11,7,8,14,7,4,2,5,1,0,0,0,0,2,0,1,0,0,0,0,0,0,0,0,0,0,0,0,0,0,0,0,0,0,0,0,0,0,0,0
600-1200,39,72,77,149,73,52,32,25,14,13,7,7,9,11,2,6,3,2,1,1,1,0,0,1,0,0,0,0,0,0,0,0,0,0,0,0,0,0,0,0,0,0,0,0,0,0,0,0,0
1200-1800,20,63,88,110,57,46,49,37,23,26,14,15,17,10,4,3,9,3,2,1,0,1,1,1,0,0,0,0,0,0,0,0,0,0,0,0,0,0,0,0,0,0,0,0,0,0,0,0,0
1800-2400,19,61,62,81,71,71,44,46,21,21,19,26,12,10,6,6,10,6,1,4,1,0,1,0,0,0,0,0,0,0,0,1,0,0,0,0,0,0,0,0,0,0,0,0,0,0,0,0,0
2400-3000,20,57,52,73,82,61,61,36,37,27,19,17,14,13,9,7,2,2,4,3,1,0,1,1,0,0,0,1,0,0,0,0,0,0,0,0,0,0,0,0,0,0,0,0,0,0,0,0,0
3000-3600,12,40,43,71,65,80,65,50,27,28,35,17,10,19,8,10,10,1,4,0,1,1,2,0,0,0,0,1,0,0,0,0,0,0,0,0,0,0,0,0,0,0,0,0,0,0,0,0,0
3600-4200,5,29,52,65,64,96,62,60,31,25,20,28,14,12,11,7,5,2,2,2,4,3,0,1,0,0,0,0,0,0,0,0,0,0,0,0,0,0,0,0,0,0,0,0,0,0,0,0,0
4200-4800,20,62,73,85,65,66,44,38,21,28,18,22,17,11,10,3,4,2,1,3,2,2,2,0,1,0,0,0,0,0,0,0,0,0,0,0,0,0,0,0,0,0,0,0,0,0,0,0,0
4800-5400,9,32,44,66,82,93,68,49,34,22,24,19,10,12,8,11,2,4,4,1,3,1,0,1,0,0,1,0,0,0,0,0,0,0,0,0,0,0,0,0,0,0,0,0,0,0,0,0,0
5400-6000,11,21,53,65,67,91,59,56,32,28,25,24,6,16,17,6,8,4,3,3,0,3,2,0,0,0,0,0,0,0,0,0,0,0,0,0,0,0,0,0,0,0,0,0,0,0,0,0,0
6000-6600,4,30,46,78,51,77,57,48,42,39,30,21,21,11,12,9,6,5,4,2,2,2,3,0,0,0,0,0,0,0,0,0,0,0,0,0,0,0,0,0,0,0,0,0,0,0,0,0,0
6600-7200,2,20,47,57,59,83,48,61,30,43,36,29,20,13,14,10,9,4,5,2,1,1,1,1,0,0,2,2,0,0,0,0,0,0,0,0,0,0,0,0,0,0,0,0,0,0,0,0,0
7200-7800,2,18,42,57,58,94,53,49,38,40,16,35,19,16,14,11,14,7,5,4,2,2,2,1,0,0,1,0,0,0,0,0,0,0,0,0,0,0,0,0,0,0,0,0,0,0,0,0,0
7800-8400,4,20,31,50,47,76,71,69,30,41,35,26,20,20,9,12,13,7,4,2,6,4,2,0,1,0,0,0,0,0,0,0,0,0,0,0,0,0,0,0,0,0,0,0,0,0,0,0,0
8400-9000,0,14,36,38,49,65,61,65,45,47,26,29,34,26,14,13,8,6,5,4,5,1,7,0,0,0,1,0,0,0,1,0,0,0,0,0,0,0,0,0,0,0,0,0,0,0,0,0,0
9000-9600,2,6,24,48,45,56,70,66,49,48,31,38,25,24,12,11,14,10,3,7,5,3,1,0,2,0,0,0,0,0,0,0,0,0,0,0,0,0,0,0,0,0,0,0,0,0,0,0,0
9600-10200,3,4,26,48,41,74,37,56,35,50,40,36,23,38,18,21,16,10,6,8,4,1,3,1,1,0,0,0,0,0,0,0,0,0,0,0,0,0,0,0,0,0,0,0,0,0,0,0,0
10200-10800,1,10,30,30,34,52,38,69,38,42,43,42,25,29,25,22,25,19,5,8,6,3,1,0,3,0,0,0,0,0,0,0,0,0,0,0,0,0,0,0,0,0,0,0,0,0,0,0,0
10800-11400,2,5,10,22,26,60,43,48,52,42,45,50,37,32,32,22,16,14,13,6,7,5,5,3,2,0,0,0,0,1,0,0,0,0,0,0,0,0,0,0,0,0,0,0,0,0,0,0,0
11400-12000,2,8,14,38,25,57,50,58,43,48,37,39,33,34,24,31,19,14,9,5,3,3,0,2,1,1,0,1,0,1,0,0,0,0,0,0,0,0,0,0,0,0,0,0,0,0,0,0,0
12000-12600,1,2,14,20,35,50,41,45,49,49,33,41,34,41,32,26,23,23,14,7,9,6,3,0,0,0,0,0,0,0,1,0,0,1,0,0,0,0,0,0,0,0,0,0,0,0,0,0,0
12600-13200,1,6,10,36,28,42,62,44,46,56,44,39,21,41,23,29,19,23,10,4,5,4,2,2,1,0,0,2,0,0,0,0,0,0,0,0,0,0,0,0,0,0,0,0,0,0,0,0,0
13200-13800,1,7,20,37,33,62,46,50,46,37,22,32,22,50,32,23,23,16,12,7,6,3,9,3,1,0,0,0,0,0,0,0,0,0,0,0,0,0,0,0,0,0,0,0,0,0,0,0,0
13800-14400,1,3,13,24,25,31,38,42,31,45,40,36,34,40,37,48,27,20,14,9,13,7,9,4,4,1,0,1,2,1,0,0,0,0,0,0,0,0,0,0,0,0,0,0,0,0,0,0,0
14400-15000,0,6,12,31,19,35,34,48,47,47,29,43,31,37,35,36,21,15,34,12,8,8,6,3,1,0,1,0,0,0,0,0,0,0,1,0,0,0,0,0,0,0,0,0,0,0,0,0,0
15000-15600,0,2,12,20,19,31,32,49,40,48,43,48,36,53,39,37,22,25,13,7,7,2,5,2,5,1,0,0,1,1,0,0,0,0,0,0,0,0,0,0,0,0,0,0,0,0,0,0,0
15600-16200,2,4,9,17,18,30,25,49,33,44,36,45,46,51,37,42,24,25,15,14,13,9,9,3,0,0,0,0,0,0,0,0,0,0,0,0,0,0,0,0,0,0,0,0,0,0,0,0,0
16200-16800,0,2,12,33,20,34,30,36,45,36,36,37,36,47,45,34,28,21,25,9,11,7,4,3,5,0,1,2,0,0,1,0,0,0,0,0,0,0,0,0,0,0,0,0,0,0,0,0,0
16800-17400,0,2,12,23,17,30,29,33,44,46,37,38,32,39,43,32,45,27,29,6,15,7,5,6,1,0,1,0,1,0,0,0,0,0,0,0,0,0,0,0,0,0,0,0,0,0,0,0,0
17400-18000,0,1,15,17,19,33,29,34,37,47,35,35,46,44,36,42,29,30,24,8,10,11,7,4,4,0,0,1,0,1,0,0,0,1,0,0,0,0,0,0,0,0,0,0,0,0,0,0,0
18000-18600,0,3,10,20,22,41,42,46,42,54,41,29,32,45,29,41,29,15,13,5,11,12,7,6,4,0,0,1,0,0,0,0,0,0,0,0,0,0,0,0,0,0,0,0,0,0,0,0,0
18600-19200,1,2,6,25,18,37,46,36,25,41,32,43,40,36,43,50,25,25,24,12,5,6,8,6,3,1,1,0,2,0,0,0,0,0,1,0,0,0,0,0,0,0,0,0,0,0,0,0,0
19200-19800,0,4,10,20,20,34,42,43,35,44,38,40,36,36,39,40,39,20,17,9,9,5,10,5,3,1,1,0,0,0,0,0,0,0,0,0,0,0,0,0,0,0,0,0,0,0,0,0,0
19800-20400,0,1,10,15,25,27,34,50,37,40,32,40,34,37,40,40,38,33,21,4,11,8,6,10,2,1,1,2,0,0,0,0,0,0,0,1,0,0,0,0,0,0,0,0,0,0,0,0,0
20400-21000,0,2,7,16,15,30,30,51,42,38,45,32,33,40,32,48,36,32,26,11,9,8,6,5,0,0,2,1,1,0,2,0,0,0,0,0,0,0,0,0,0,0,0,0,0,0,0,0,0
21000-21600,0,2,5,12,8,25,37,44,31,39,41,40,29,39,47,39,39,46,25,13,12,5,4,8,5,1,1,1,0,1,1,0,0,0,0,0,0,0,0,0,0,0,0,0,0,0,0,0,0
21600-22200,0,0,8,17,13,18,20,37,36,35,28,40,25,50,58,41,39,33,32,20,19,4,7,6,6,4,2,0,1,0,0,1,0,0,0,0,0,0,0,0,0,0,0,0,0,0,0,0,0
22200-22800,0,7,12,19,7,38,28,34,38,38,35,34,29,46,38,48,32,28,37,14,6,5,11,8,3,2,0,2,0,0,1,0,0,0,0,0,0,0,0,0,0,0,0,0,0,0,0,0,0
22800-23400,1,2,7,18,6,26,25,36,32,39,35,47,43,47,33,49,33,35,27,18,11,4,11,6,3,1,0,0,3,2,0,0,0,0,0,0,0,0,0,0,0,0,0,0,0,0,0,0,0
23400-24000,0,0,10,5,11,21,30,29,34,42,38,38,34,55,38,63,41,30,27,10,10,7,10,8,3,0,1,1,1,1,1,1,0,0,0,0,0,0,0,0,0,0,0,0,0,0,0,0,0
24000-24600,0,0,5,16,9,18,24,27,36,35,31,31,33,54,49,42,55,41,28,15,16,11,7,5,7,1,0,0,2,1,0,0,0,0,1,0,0,0,0,0,0,0,0,0,0,0,0,0,0
24600-25200,1,3,9,6,5,22,27,29,43,42,23,34,39,48,45,69,34,28,39,12,11,6,15,4,2,1,2,1,0,0,0,0,0,0,0,0,0,0,0,0,0,0,0,0,0,0,0,0,0
25200-25800,0,2,4,13,17,27,30,27,25,45,30,42,24,52,41,48,44,42,33,11,13,9,9,6,1,2,0,0,1,1,1,0,0,0,0,0,0,0,0,0,0,0,0,0,0,0,0,0,0
25800-26400,0,1,8,14,17,23,27,29,38,30,33,46,30,36,37,49,48,45,35,6,15,7,9,6,4,4,1,0,0,2,0,0,0,0,0,0,0,0,0,0,0,0,0,0,0,0,0,0,0
26400-27000,2,2,3,14,11,21,26,30,28,34,28,26,26,42,51,50,54,38,33,18,20,13,10,7,6,4,2,0,0,1,0,0,0,0,0,0,0,0,0,0,0,0,0,0,0,0,0,0,0
27000-27600,0,4,4,13,18,14,23,24,29,38,28,29,35,46,43,71,55,51,30,10,11,5,4,7,5,0,0,0,2,0,0,1,0,0,0,0,0,0,0,0,0,0,0,0,0,0,0,0,0
27600-28200,0,0,5,9,11,16,24,21,22,35,40,50,33,41,49,55,53,33,39,18,18,9,5,7,6,0,0,0,1,0,0,0,0,0,0,0,0,0,0,0,0,0,0,0,0,0,0,0,0
28200-28800,0,0,4,10,7,23,20,22,32,37,26,38,22,59,43,54,48,43,45,15,16,7,10,10,5,1,1,1,0,1,0,0,0,0,0,0,0,0,0,0,0,0,0,0,0,0,0,0,0
28800-29400,0,0,5,16,14,25,18,31,16,27,32,36,24,56,41,54,42,52,48,8,8,14,14,6,3,3,2,2,1,0,1,1,0,0,0,0,0,0,0,0,0,0,0,0,0,0,0,0,0
29400-30000,0,1,3,9,12,19,17,21,23,35,25,42,21,36,40,59,65,40,46,12,18,11,15,9,8,5,1,5,0,1,1,0,0,0,0,0,0,0,0,0,0,0,0,0,0,0,0,0,0
30000-30600,0,2,2,12,13,15,22,31,22,29,25,29,23,44,46,46,54,47,53,16,22,9,15,11,7,2,2,0,0,0,0,0,0,1,0,0,0,0,0,0,0,0,0,0,0,0,0,0,0
30600-31200,0,3,4,5,13,20,21,19,26,37,27,33,37,45,43,59,48,53,49,8,14,15,3,6,6,2,0,1,1,1,0,0,0,0,0,0,0,0,0,0,0,0,0,0,0,0,0,1,0
31200-31800,0,1,4,14,3,15,17,19,17,37,22,37,42,44,44,58,56,43,44,16,8,18,19,10,7,4,1,0,0,0,0,0,0,0,0,0,0,0,0,0,0,0,0,0,0,0,0,0,0
31800-32400,0,1,6,6,4,15,23,27,24,26,29,23,26,40,39,56,53,49,72,21,7,9,19,6,10,2,2,1,2,1,1,0,0,0,0,0,0,0,0,0,0,0,0,0,0,0,0,0,0
32400-33000,0,2,3,5,13,20,18,26,25,25,25,29,26,57,36,44,52,65,56,13,13,8,14,13,3,1,0,1,2,3,1,0,0,0,1,0,0,0,0,0,0,0,0,0,0,0,0,0,0
33000-33600,1,1,6,14,5,21,21,26,28,32,33,42,27,42,32,50,50,50,56,6,14,9,15,6,6,2,0,1,0,1,2,0,0,1,0,0,0,0,0,0,0,0,0,0,0,0,0,0,0
33600-34200,1,3,2,6,11,18,28,22,26,30,35,36,34,42,31,45,38,58,51,16,17,6,15,10,10,4,2,1,1,1,0,0,0,0,0,0,0,0,0,0,0,0,0,0,0,0,0,0,0
34200-34800,0,1,3,9,14,30,19,31,23,24,33,38,29,39,39,58,45,44,47,13,10,14,8,11,8,1,1,3,0,2,1,1,0,0,0,0,0,1,0,0,0,0,0,0,0,0,0,0,0
34800-35400,2,3,9,9,10,18,18,27,20,19,19,33,18,50,53,51,64,43,55,14,11,17,11,9,8,0,2,2,4,0,1,0,0,0,0,0,0,0,0,0,0,0,0,0,0,0,0,0,0
35400-36000,0,2,5,7,14,12,15,21,13,21,29,31,30,38,42,65,62,49,49,19,13,11,13,11,12,1,3,4,3,0,0,1,0,1,0,1,0,0,0,1,0,0,0,0,0,0,0,0,0
36000-36600,0,4,3,10,6,26,25,23,23,24,29,34,24,53,40,40,54,43,48,15,14,9,16,10,10,6,1,2,5,1,1,1,0,0,0,0,0,0,0,0,0,0,0,0,0,0,0,0,0
36600-37200,0,1,4,5,9,16,17,25,23,29,30,38,24,41,48,51,63,54,51,15,8,14,11,8,5,2,2,2,1,0,0,1,0,1,1,0,0,0,0,0,0,0,0,0,0,0,0,0,0
37200-37800,0,1,0,7,11,9,22,26,18,28,21,32,32,60,27,51,58,57,60,6,16,11,17,9,7,4,3,1,3,1,1,1,0,0,0,0,0,0,0,0,0,0,0,0,0,0,0,0,0
37800-38400,0,1,5,5,10,18,20,29,17,30,29,32,37,36,42,37,42,69,65,8,10,11,15,8,14,1,2,1,2,2,1,1,0,0,0,0,0,0,0,0,0,0,0,0,0,0,0,0,0
38400-39000,0,3,4,11,9,13,11,20,16,32,30,34,17,43,48,49,55,56,77,9,7,15,10,6,13,1,2,0,1,2,2,1,0,1,0,0,1,0,1,0,0,0,0,0,0,0,0,0,0
39000-39600,0,1,4,10,10,19,15,21,20,23,27,42,27,34,44,50,51,65,59,11,11,13,8,11,18,1,0,1,0,1,1,1,0,0,0,0,0,1,0,0,0,0,0,0,0,0,0,0,0
39600-40200,0,3,1,8,2,15,25,14,20,20,34,28,19,45,34,45,63,66,61,12,11,21,9,19,10,5,1,4,0,3,1,1,0,0,0,0,0,0,0,0,0,0,0,0,0,0,0,0,0
40200-40800,0,1,4,8,10,18,15,24,18,31,24,23,28,47,34,49,35,58,76,9,14,14,15,12,19,1,2,3,4,1,1,0,0,0,1,1,0,0,0,0,0,0,0,0,0,0,0,0,0
40800-41400,0,0,3,3,12,11,20,15,17,21,22,39,31,46,40,57,51,55,67,15,14,16,13,10,11,2,2,4,0,1,1,0,0,0,0,1,0,0,0,0,0,0,0,0,0,0,0,0,0
41400-42000,0,0,5,11,6,15,23,22,24,20,21,29,22,44,45,53,48,53,58,14,14,13,12,21,10,2,3,2,1,2,1,3,0,0,0,1,1,0,0,0,0,0,0,0,0,0,1,0,0
42000-42600,0,0,2,14,8,15,13,16,27,15,18,32,15,44,44,60,55,59,72,9,15,10,13,14,9,3,6,0,4,2,3,2,0,0,1,0,0,0,0,0,0,0,0,0,0,0,0,0,0
42600-43200,1,0,5,6,5,10,11,17,20,19,26,33,26,37,53,36,62,63,69,9,16,10,17,12,15,3,3,4,3,1,3,2,1,1,0,0,1,0,0,0,0,0,0,0,0,0,0,0,0
43200-43800,0,0,3,7,6,9,10,26,15,24,19,29,26,42,30,51,62,64,71,12,8,18,18,18,13,2,1,2,3,3,1,1,0,2,0,2,0,1,1,0,0,0,0,0,0,0,0,0,0
43800-44400,0,1,2,6,10,17,18,28,20,28,17,27,24,31,36,49,73,53,75,7,15,10,10,11,15,2,7,0,4,1,0,1,2,0,0,0,0,0,0,0,0,0,0,0,0,0,0,0,0
44400-45000,0,2,3,5,4,11,16,21,15,30,19,27,23,38,36,64,64,66,63,19,13,13,15,10,11,2,4,1,1,1,1,2,0,0,0,0,0,0,0,0,0,0,0,0,0,0,0,0,0
45000-45600,0,1,5,9,5,15,21,15,16,33,30,29,17,47,45,60,56,68,54,9,13,8,6,8,16,2,1,4,2,1,1,0,2,0,0,0,0,1,0,0,0,0,0,0,0,0,0,0,0
45600-46200,0,1,6,6,11,17,16,20,13,27,19,28,23,46,34,46,70,60,76,4,13,15,12,8,13,1,4,0,3,0,1,3,1,1,0,0,0,1,0,0,1,0,0,0,0,0,0,0,0
46200-46800,0,3,0,5,8,8,11,15,16,17,27,31,20,33,39,55,65,73,80,15,12,14,12,11,12,1,3,3,3,3,1,2,1,0,0,0,0,0,1,0,0,0,0,0,0,0,0,0,0
46800-47400,0,1,2,11,8,14,10,19,15,17,22,17,16,49,28,55,63,61,87,8,15,13,15,17,17,6,1,3,6,1,1,0,0,0,0,1,0,0,0,0,0,0,0,0,1,0,0,0,0
47400-48000,0,3,5,2,2,10,15,18,12,26,18,30,29,48,45,73,51,63,69,10,11,9,11,18,9,4,3,0,1,2,2,0,0,0,0,0,0,1,0,0,0,0,0,0,0,0,0,0,0
48000-48600,0,1,5,2,4,10,8,19,18,20,28,29,27,46,36,39,59,69,73,10,11,10,28,15,10,0,5,0,2,2,4,1,3,3,0,0,1,1,1,0,0,0,0,0,0,0,0,0,0
48600-49200,0,0,1,8,4,8,13,19,13,21,21,28,22,41,43,49,61,66,79,15,11,16,20,15,15,2,4,0,3,0,0,0,0,1,1,0,0,0,0,0,0,0,0,0,0,0,0,0,0
49200-49800,0,2,4,4,4,9,16,20,21,20,22,29,25,38,46,56,55,65,81,10,5,16,14,11,10,4,3,1,1,1,4,0,0,0,0,1,0,1,0,0,0,1,0,0,0,0,0,0,0
49800-50400,0,1,2,8,7,16,14,15,19,25,20,32,21,38,45,62,65,53,67,16,11,12,19,12,5,1,5,2,3,0,2,0,0,0,0,1,0,1,0,0,0,0,0,0,0,0,0,0,0
50400-51000,0,0,3,2,5,17,9,19,11,32,33,31,21,31,39,50,78,47,77,11,12,11,14,14,12,7,2,0,1,3,1,2,0,0,2,1,1,0,1,0,0,0,0,0,0,0,0,0,0
51000-51600,0,0,2,6,3,9,20,18,17,25,24,31,32,45,29,57,58,47,79,11,13,9,17,14,12,4,3,4,2,2,3,0,0,1,1,1,0,0,0,1,0,0,0,0,0,0,0,0,0
51600-52200,0,0,3,9,9,18,22,9,20,22,16,15,18,33,50,56,59,68,82,12,13,18,12,12,10,1,2,2,2,1,2,0,0,0,1,0,0,0,0,1,0,0,0,0,1,0,0,0,1
52200-52800,1,3,3,6,4,17,19,18,21,19,20,29,19,40,36,46,47,66,73,19,12,12,18,11,14,4,4,1,7,3,3,0,1,0,0,1,0,0,1,1,0,0,0,1,0,0,0,0,0
52800-53400,0,3,4,7,8,12,14,18,14,15,25,26,23,42,34,49,42,74,74,12,13,13,15,18,20,2,4,3,4,0,1,4,2,1,0,0,0,0,3,0,0,0,0,1,0,0,0,0,0
53400-54000,0,1,3,2,5,13,13,21,11,19,19,21,31,56,48,52,59,80,66,11,10,14,9,12,10,0,2,2,3,0,1,0,1,0,0,0,1,1,1,0,1,1,0,0,0,0,0,0,0
54000-54600,0,0,0,7,10,17,21,16,14,21,27,16,26,42,36,46,65,66,70,15,9,15,20,13,12,1,5,3,1,1,1,0,0,0,1,1,1,0,0,0,0,0,0,0,0,1,0,0,0
54600-55200,1,2,1,12,4,11,11,7,10,23,24,23,19,47,36,69,61,81,70,11,14,8,8,14,13,2,3,2,3,3,3,1,1,2,0,0,0,0,0,0,0,0,0,0,0,0,0,0,0
55200-55800,0,0,5,5,8,15,15,18,16,22,28,24,17,43,38,46,65,67,64,13,13,17,19,11,15,6,3,0,1,1,0,0,2,0,0,0,1,0,1,0,0,1,0,0,0,0,0,0,0
55800-56400,0,4,1,4,8,13,12,18,18,21,16,32,21,39,47,61,67,56,73,13,7,16,12,9,10,2,4,1,2,3,2,3,0,1,1,0,1,1,1,0,0,0,0,0,0,0,0,0,0
56400-57000,0,1,5,4,4,26,14,13,18,23,26,21,15,40,42,66,69,53,62,13,7,15,24,8,14,4,3,0,3,2,2,0,0,0,0,2,1,0,0,0,0,0,0,0,0,0,0,0,0
57000-57600,0,0,6,8,11,11,5,18,14,19,18,28,20,39,39,40,61,71,74,12,9,16,20,20,17,2,4,2,4,4,3,2,1,1,1,0,0,0,0,0,0,0,0,0,0,0,0,0,0
57600-58200,0,0,2,8,7,15,9,16,15,16,20,31,20,33,36,49,65,72,74,15,12,11,17,15,25,6,1,1,2,1,3,0,1,0,1,0,0,0,0,0,0,1,0,0,0,0,0,0,0
58200-58800,0,1,4,4,8,9,4,14,19,16,22,32,18,34,35,57,63,65,84,9,12,17,19,17,15,3,4,2,4,1,1,2,2,3,0,0,0,0,0,0,0,0,0,0,0,0,0,0,0
58800-59400,0,0,1,6,10,14,12,8,21,22,19,24,18,35,35,48,61,73,73,11,12,17,22,16,18,8,1,1,5,0,3,1,0,0,3,0,1,0,0,1,0,0,0,0,0,0,0,0,0
59400-60000,1,1,5,3,5,4,14,11,15,20,13,22,22,42,38,62,69,69,75,8,9,17,20,16,14,5,3,2,6,1,2,4,0,0,1,0,0,0,1,0,0,0,0,0,0,0,0,0,0
60000-60600,0,0,6,6,7,4,16,28,15,14,16,33,12,38,38,58,55,70,69,22,16,14,13,20,17,3,1,0,4,1,0,1,1,0,0,0,0,0,1,0,1,0,0,0,0,0,0,0,0
60600-61200,0,2,2,6,5,12,14,16,18,21,22,19,28,40,35,65,70,71,52,14,8,13,19,14,18,4,5,3,1,2,1,0,0,0,0,0,0,0,0,0,0,0,0,0,0,0,0,0,0
61200-61800,0,1,2,6,6,16,20,18,18,19,19,32,22,37,45,51,66,66,63,13,13,12,20,14,12,2,2,1,0,1,1,0,1,0,0,0,0,1,0,0,0,0,0,0,0,0,0,0,0
61800-62400,0,4,6,7,10,8,11,14,8,24,23,39,23,34,51,73,67,63,51,7,10,11,17,7,16,2,0,4,5,2,1,0,0,2,0,0,0,0,0,0,0,0,0,0,0,0,0,0,0
62400-63000,0,0,3,7,9,10,12,11,19,14,15,24,28,36,49,58,64,63,73,12,8,13,29,16,9,5,2,3,3,2,1,0,1,0,0,0,1,0,0,0,0,0,0,0,0,0,0,0,0
63000-63600,0,0,0,6,6,10,12,18,19,17,15,24,24,28,46,51,54,64,93,18,6,17,21,14,18,4,0,3,4,3,2,1,0,2,0,0,0,0,0,0,0,0,0,0,0,0,0,0,0
63600-64200,0,0,2,3,5,8,12,23,16,13,27,23,21,39,34,47,51,67,75,17,20,17,27,18,15,4,1,2,3,2,3,0,1,1,2,1,0,0,0,0,0,0,0,0,0,0,0,0,0
64200-64800,0,2,5,10,8,10,14,14,17,15,24,20,23,32,28,61,66,50,82,17,14,10,25,15,19,3,5,3,1,2,0,1,1,2,0,0,0,0,0,1,0,0,0,0,0,0,0,0,0
64800-65400,0,0,5,6,3,14,19,18,22,16,21,31,19,38,32,47,72,63,71,11,10,14,16,9,18,6,7,1,0,2,6,1,0,0,1,1,0,0,0,0,0,0,0,0,0,0,0,0,0
65400-66000,0,1,3,3,9,10,20,17,19,14,16,30,16,32,50,60,57,59,72,15,7,13,21,15,20,6,4,4,2,2,0,1,0,1,0,0,0,0,0,1,0,0,0,0,0,0,0,0,0
66000-66600,0,2,0,7,7,9,15,13,11,17,18,19,29,34,47,67,49,72,83,13,12,9,14,18,18,2,4,2,6,2,0,0,0,0,0,0,1,0,0,0,0,0,0,0,0,0,0,0,0
66600-67200,0,3,3,5,6,8,21,10,12,25,24,27,21,37,43,49,59,53,73,16,10,17,24,13,11,5,4,5,5,0,2,1,1,1,1,1,2,1,0,0,0,0,0,1,0,0,0,0,0
67200-67800,0,0,1,2,4,11,6,13,13,21,21,18,30,40,42,70,63,54,82,11,15,15,11,16,19,3,6,0,4,2,1,1,2,1,1,0,0,0,1,0,0,0,0,0,0,0,0,0,0
67800-68400,0,0,0,9,5,8,8,15,23,26,17,20,21,32,28,52,56,73,87,8,10,15,25,14,14,5,5,1,3,4,5,0,2,2,1,3,0,0,1,0,1,1,0,0,0,0,0,0,0
68400-69000,0,3,4,7,4,10,19,16,16,14,24,25,39,40,39,46,58,67,67,6,7,9,18,9,22,4,7,2,3,4,1,2,1,1,4,0,1,0,0,1,0,0,0,0,0,0,0,0,0
69000-69600,0,0,0,3,5,8,15,16,18,20,20,30,20,40,27,44,58,72,90,11,9,10,21,17,19,3,3,3,7,2,2,1,2,0,0,1,0,2,1,0,0,0,0,0,0,0,0,0,0
69600-70200,0,0,3,3,8,8,12,14,16,21,23,27,24,37,36,45,53,74,83,7,14,15,12,11,17,5,5,3,4,2,2,3,5,3,2,1,1,0,0,0,0,0,0,0,0,0,1,0,0
70200-70800,0,1,5,6,4,7,9,14,22,18,14,25,26,37,37,45,49,80,74,12,12,16,15,16,22,5,5,2,6,2,4,0,0,1,2,0,1,0,2,1,2,0,0,0,0,0,0,1,0
70800-71400,0,0,6,9,7,12,13,9,20,26,19,23,26,44,36,57,58,62,64,16,11,17,13,12,13,9,4,0,3,2,5,1,1,0,0,0,0,0,1,0,0,0,0,1,0,0,0,0,0
71400-72000,0,0,1,4,5,11,10,18,10,22,17,27,25,35,39,56,65,67,76,12,17,13,15,14,15,6,3,2,3,1,3,2,2,1,1,0,0,0,0,0,2,0,0,0,0,0,0,0,0
72000-72600,0,1,1,3,6,7,15,13,15,16,31,21,23,39,40,56,74,61,78,12,11,10,17,13,12,4,6,1,2,4,3,0,0,2,2,1,0,0,0,0,0,0,0,0,0,0,0,0,0
72600-73200,0,0,0,6,7,8,13,9,26,16,17,20,19,25,36,62,58,60,98,14,12,12,18,23,23,2,1,3,2,3,2,1,0,0,0,0,2,1,0,0,1,0,0,0,0,0,0,0,0
73200-73800,0,0,2,5,8,16,13,12,17,18,18,26,16,28,38,51,57,88,74,8,3,16,18,17,16,6,4,2,6,2,2,3,5,1,0,2,1,1,0,0,0,0,0,0,0,0,0,0,0
73800-74400,0,1,3,4,9,10,10,10,18,8,14,20,28,45,37,57,52,73,74,11,12,14,15,18,16,2,4,5,6,8,5,2,1,2,2,3,1,0,0,0,0,0,0,0,0,0,0,0,0
74400-75000,0,1,5,7,6,11,14,16,12,13,21,28,20,44,45,56,71,58,64,12,6,24,13,12,17,6,5,1,3,2,2,1,0,2,1,0,1,0,0,0,0,0,0,0,0,0,0,0,0
75000-75600,0,0,2,3,9,9,13,19,12,27,32,39,30,32,46,53,50,47,71,17,15,14,17,13,10,6,2,0,3,2,2,0,2,0,0,2,0,0,0,1,0,0,0,0,0,0,0,0,0
75600-76200,0,1,3,5,4,8,8,12,9,27,26,29,21,35,47,54,53,62,74,13,9,18,15,19,20,7,1,4,6,2,4,2,1,1,0,0,0,0,0,0,0,0,0,0,0,0,0,0,0
76200-76800,0,1,0,1,5,8,9,14,15,17,24,28,25,41,41,54,62,58,84,19,15,18,17,11,11,4,3,1,1,3,1,0,3,3,0,0,0,0,0,1,1,0,1,0,0,0,0,0,0
76800-77400,0,0,2,5,7,9,14,19,28,19,13,25,38,50,46,39,51,55,62,13,12,14,16,10,19,9,6,2,1,4,0,2,1,3,3,0,0,1,0,0,0,2,0,0,0,0,0,0,0
77400-78000,0,2,7,6,4,12,18,12,22,26,22,33,16,31,34,61,59,62,59,12,7,19,16,13,19,1,5,2,3,2,5,1,3,2,0,0,1,0,0,0,1,1,0,1,0,0,0,0,0
78000-78600,0,0,1,5,6,12,13,14,12,22,22,25,25,47,40,50,42,63,71,9,14,22,25,14,16,7,4,4,4,3,2,1,1,1,1,0,0,1,0,0,0,0,1,0,0,0,0,0,0
78600-79200,0,2,2,5,4,12,8,17,9,22,18,26,21,33,29,55,68,69,73,11,13,18,17,15,16,2,7,2,8,6,2,4,0,1,2,0,0,2,0,0,0,1,0,0,0,0,0,0,0
79200-79800,0,0,1,2,12,6,9,7,21,20,19,25,20,30,34,49,68,68,71,7,11,20,25,22,20,6,3,4,1,4,3,1,3,2,0,3,1,1,0,1,0,0,0,0,0,0,0,0,0
79800-80400,1,0,3,5,5,8,10,16,18,18,12,19,19,46,37,52,67,70,79,14,12,12,14,14,13,7,4,5,6,2,1,0,1,1,2,2,1,0,1,0,2,0,1,0,0,0,0,0,0
80400-81000,0,2,7,4,2,15,4,14,17,16,19,29,26,36,44,49,66,56,64,12,14,18,27,12,15,6,7,2,3,3,4,3,1,1,1,1,0,0,0,0,0,0,0,0,0,0,0,0,0
81000-81600,0,0,3,7,5,7,7,20,14,15,18,20,22,43,37,48,61,67,81,15,15,13,21,15,15,8,2,2,7,2,1,0,1,3,2,0,0,0,1,1,0,0,0,0,0,0,1,0,0
81600-82200,0,0,2,7,3,9,20,16,12,20,11,29,24,34,44,51,70,62,67,10,13,12,17,19,17,6,2,0,4,1,4,5,4,2,2,0,0,1,0,0,0,0,0,0,0,0,0,0,0
82200-82800,0,0,3,4,4,10,4,10,20,20,25,29,22,37,37,55,58,60,73,18,10,16,13,21,16,5,5,2,4,1,5,2,2,3,1,2,0,2,0,0,0,1,0,0,0,0,0,0,0
82800-83400,0,0,2,5,2,11,7,12,12,24,17,27,22,41,30,69,64,87,61,12,14,14,14,17,12,1,1,3,2,5,5,0,2,3,0,1,0,1,0,0,0,0,0,0,0,0,0,0,0
83400-84000,0,2,0,1,7,10,8,13,12,20,16,31,19,39,36,64,55,72,52,23,9,19,18,14,17,3,6,4,5,4,3,3,3,2,2,2,1,3,1,1,0,0,0,0,0,0,0,0,0
84000-84600,0,1,2,6,7,12,12,15,11,13,24,22,25,32,38,39,66,64,71,26,11,17,14,17,15,11,6,8,5,1,6,0,1,0,0,1,0,0,0,0,0,0,0,0,0,0,0,1,0
84600-85200,0,1,4,4,7,13,11,13,13,19,24,32,21,34,26,65,53,55,66,21,24,17,10,16,18,6,1,8,6,2,3,1,1,1,0,1,0,2,1,0,0,0,0,0,0,0,0,0,0
85200-85800,2,1,5,3,3,8,15,16,12,19,18,11,18,41,37,50,59,59,61,16,20,17,25,15,23,7,4,5,5,3,7,3,3,3,0,2,1,1,1,0,0,0,1,0,0,0,0,0,0
85800-86400,0,0,2,10,5,10,10,8,10,14,20,19,24,25,49,47,58,68,62,15,17,24,23,17,16,7,5,6,8,3,4,1,3,1,4,3,0,0,0,1,0,0,0,1,0,0,0,0,0
86400-87000,0,0,2,5,8,10,14,12,11,10,26,20,17,44,32,49,54,86,59,8,13,23,21,22,10,4,6,5,5,3,4,5,4,3,1,2,1,0,0,0,1,0,0,0,0,0,0,0,0
87000-87600,0,1,2,2,2,9,9,12,9,20,23,18,31,27,33,56,51,77,76,19,15,5,19,19,13,10,5,5,10,1,3,3,4,4,2,2,1,0,0,1,0,0,1,0,0,0,0,0,0
87600-88200,0,0,2,6,5,12,14,7,17,20,20,25,21,42,47,51,52,63,59,17,14,16,18,15,17,5,3,5,8,2,6,0,3,1,1,1,3,1,0,0,0,1,0,0,0,0,0,0,0
88200-88800,0,0,2,5,5,8,10,13,18,24,17,17,34,35,42,45,57,57,63,12,14,10,31,15,15,11,4,1,8,5,0,5,4,3,0,2,1,1,0,2,2,0,0,0,0,1,1,0,0
88800-89400,0,0,1,5,3,7,5,9,10,13,15,16,15,20,20,30,42,29,34,7,9,6,11,7,6,7,0,3,4,3,4,1,2,0,2,0,0,0,1,1,1,1,0,0,0,0,0,0,0
89400-90000,0,0,0,0,0,0,0,0,0,0,0,0,0,0,0,0,0,0,0,0,0,0,0,0,0,0,0,0,0,0,0,0,0,0,0,0,0,0,0,0,0,0,0,0,0,0,0,0,0
